{"cameraMode":{"drawMode":0,"name":"Shaded","section":"Shading Mode"},"sceneLighting":false,"audioPlay":false,"sceneViewState":{"showFog":true,"showMaterialUpdate":false,"showSkybox":false,"showFlares":true,"showImageEffects":true,"showParticleSystems":true},"in2DMode":false,"pivot":{"x":-0.4809000492095947,"y":1.4310654401779175,"z":0.03387385606765747},"rotation":{"x":0.003203241853043437,"y":-0.995086133480072,"z":0.03434409946203232,"w":0.0928107425570488},"size":4.077620506286621,"orthographic":false}