{"cameraMode":{"drawMode":0,"name":"Shaded","section":"Shading Mode"},"sceneLighting":true,"audioPlay":false,"sceneViewState":{"showFog":true,"showMaterialUpdate":false,"showSkybox":true,"showFlares":true,"showImageEffects":true,"showParticleSystems":true},"in2DMode":false,"pivot":{"x":167.98435974121095,"y":23.37125015258789,"z":220.32003784179688},"rotation":{"x":0.003203241853043437,"y":-0.995086133480072,"z":0.03434409946203232,"w":0.0928107425570488},"size":21.55477523803711,"orthographic":false}