{"cameraMode":{"drawMode":0,"name":"Shaded","section":"Shading Mode"},"sceneLighting":false,"audioPlay":false,"sceneViewState":{"showFog":true,"showMaterialUpdate":false,"showSkybox":false,"showFlares":true,"showImageEffects":true,"showParticleSystems":true},"in2DMode":false,"pivot":{"x":-0.14954236149787904,"y":0.060395337641239169,"z":0.08038371801376343},"rotation":{"x":0.003203241853043437,"y":-0.995086133480072,"z":0.03434409946203232,"w":0.0928107425570488},"size":1.3217244148254395,"orthographic":false}